{"cameraMode":{"drawMode":0,"name":"Shaded","section":"Shading Mode"},"sceneLighting":true,"audioPlay":false,"sceneViewState":{"m_AlwaysRefresh":false,"showFog":true,"showSkybox":true,"showFlares":true,"showImageEffects":true,"showParticleSystems":true,"showVisualEffectGraphs":true,"m_FxEnabled":true},"in2DMode":false,"pivot":{"x":-1.265342116355896,"y":0.7601687908172607,"z":-1.6968932151794434},"rotation":{"x":-0.2607754170894623,"y":0.035610780119895938,"z":-0.009626288898289204,"w":-0.9646939039230347},"size":2.0916333198547365,"orthographic":false}